Bulan,Angsuran Pokok,Angsuran Bunga,Total Angsuran,Saldo Pinjaman,Suku Bunga
0,,,,415000000,
1,1039192,1642708,2681900,413960808,4.75%
2,1043305,1638595,2681900,412917503,4.75%
3,1047435,1634465,2681900,411870068,4.75%
4,1051581,1630319,2681900,410818487,4.75%
5,1055743,1626157,2681900,409762744,4.75%
6,1059922,1621978,2681900,408702822,4.75%
7,1064118,1617782,2681900,407638704,4.75%
8,1068330,1613570,2681900,406570374,4.75%
9,1072559,1609341,2681900,405497815,4.75%
10,1076804,1605096,2681900,404421011,4.75%
11,1081067,1600833,2681900,403339944,4.75%
12,1085346,1596554,2681900,402254598,4.75%
13,1089642,1592258,2681900,401164956,4.75%
14,1093955,1587945,2681900,400070999,4.75%
15,1098286,1583614,2681900,398972713,4.75%
16,1102633,1579267,2681900,397870080,4.75%
17,1106998,1574902,2681900,396763082,4.75%
18,1111379,1570521,2681900,395651703,4.75%
19,1115779,1566121,2681900,394535924,4.75%
20,1120195,1561705,2681900,393415729,4.75%
21,1124629,1557271,2681900,392291100,4.75%
22,1129081,1552819,2681900,391162019,4.75%
23,1133550,1548350,2681900,390028469,4.75%
24,1138037,1543863,2681900,388890432,4.75%
25,1142542,1539358,2681900,387747889,4.75%
26,1147065,1534835,2681900,386600824,4.75%
27,1151605,1530295,2681900,385449219,4.75%
28,1156164,1525736,2681900,384293055,4.75%
29,1160740,1521160,2681900,383132315,4.75%
30,1165335,1516565,2681900,381966980,4.75%
31,1169947,1511953,2681900,380797033,4.75%
32,1174578,1507322,2681900,379622455,4.75%
33,1179228,1502672,2681900,378443227,4.75%
34,1183896,1498004,2681900,377259331,4.75%
35,1188582,1493318,2681900,376070749,4.75%
36,1193287,1488613,2681900,374877462,4.75%
37,868217,2499183,3367400,374009247,8.00%
38,874005,2493395,3367400,373135242,8.00%
39,879832,2487568,3367400,372255410,8.00%
40,885697,2481703,3367400,371369713,8.00%
41,891602,2475798,3367400,370478111,8.00%
42,897546,2469854,3367400,369580565,8.00%
43,903530,2463870,3367400,368677035,8.00%
44,909553,2457847,3367400,367767482,8.00%
45,915617,2451783,3367400,366851865,8.00%
46,921721,2445679,3367400,365930144,8.00%
47,927866,2439534,3367400,365002278,8.00%
48,934051,2433349,3367400,364068227,8.00%
49,940278,2427122,3367400,363127949,8.00%
50,946547,2420853,3367400,362181402,8.00%
51,952857,2414543,3367400,361228545,8.00%
52,959210,2408190,3367400,360269335,8.00%
53,965604,2401796,3367400,359303731,8.00%
54,972042,2395358,3367400,358331689,8.00%
55,978522,2388878,3367400,357353167,8.00%
56,985046,2382354,3367400,356368121,8.00%
57,991613,2375787,3367400,355376508,8.00%
58,998223,2369177,3367400,354378285,8.00%
59,1004878,2362522,3367400,353373407,8.00%
60,1011577,2355823,3367400,352361830,8.00%
61,1018321,2349079,3367400,351343509,8.00%
62,1025110,2342290,3367400,350318399,8.00%
63,1031944,2335456,3367400,349286455,8.00%
64,1038824,2328576,3367400,348247632,8.00%
65,1045749,2321651,3367400,347201883,8.00%
66,1052721,2314679,3367400,346149162,8.00%
67,1059739,2307661,3367400,345089423,8.00%
68,1066804,2300596,3367400,344022619,8.00%
69,1073916,2293484,3367400,342948703,8.00%
70,1081075,2286325,3367400,341867628,8.00%
71,1088282,2279118,3367400,340779345,8.00%
72,1095538,2271862,3367400,339683808,8.00%
73,914134,2901466,3815600,338769674,10.25%
74,921942,2893658,3815600,337847731,10.25%
75,929817,2885783,3815600,336917914,10.25%
76,937759,2877841,3815600,335980154,10.25%
77,945770,2869830,3815600,335034385,10.25%
78,953848,2861752,3815600,334080537,10.25%
79,961995,2853605,3815600,333118542,10.25%
80,970212,2845388,3815600,332148329,10.25%
81,978500,2837100,3815600,331169829,10.25%
82,986858,2828742,3815600,330182972,10.25%
83,995287,2820313,3815600,329187685,10.25%
84,1003789,2811811,3815600,328183896,10.25%
85,1012363,2803237,3815600,327171533,10.25%
86,1021010,2794590,3815600,326150524,10.25%
87,1029731,2785869,3815600,325120793,10.25%
88,1038527,2777073,3815600,324082266,10.25%
89,1047397,2768203,3815600,323034869,10.25%
90,1056344,2759256,3815600,321978525,10.25%
91,1065367,2750233,3815600,320913158,10.25%
92,1074467,2741133,3815600,319838691,10.25%
93,1083645,2731955,3815600,318755047,10.25%
94,1092901,2722699,3815600,317662146,10.25%
95,1102236,2713364,3815600,316559911,10.25%
96,1111651,2703949,3815600,315448260,10.25%
97,1121146,2694454,3815600,314327114,10.25%
98,1130723,2684877,3815600,313196391,10.25%
99,1140381,2675219,3815600,312056010,10.25%
100,1150122,2665478,3815600,310905889,10.25%
101,1159946,2655654,3815600,309745943,10.25%
102,1169853,2645747,3815600,308576090,10.25%
103,1179846,2635754,3815600,307396244,10.25%
104,1189924,2625676,3815600,306206320,10.25%
105,1200088,2615512,3815600,305006232,10.25%
106,1210338,2605262,3815600,303795894,10.25%
107,1220677,2594923,3815600,302575217,10.25%
108,1231103,2584497,3815600,301344114,10.25%
109,1241619,2573981,3815600,300102495,10.25%
110,1252225,2563375,3815600,298850270,10.25%
111,1262921,2552679,3815600,297587350,10.25%
112,1273708,2541892,3815600,296313642,10.25%
113,1284588,2531012,3815600,295029054,10.25%
114,1295560,2520040,3815600,293733494,10.25%
115,1306626,2508974,3815600,292426867,10.25%
116,1317787,2497813,3815600,291109080,10.25%
117,1329043,2486557,3815600,289780037,10.25%
118,1340396,2475204,3815600,288439641,10.25%
119,1351845,2463755,3815600,287087797,10.25%
120,1363392,2452208,3815600,285724405,10.25%
121,1375037,2440563,3815600,284349368,10.25%
122,1386782,2428818,3815600,282962585,10.25%
123,1398628,2416972,3815600,281563957,10.25%
124,1410575,2405025,3815600,280153383,10.25%
125,1422623,2392977,3815600,278730760,10.25%
126,1434775,2380825,3815600,277295985,10.25%
127,1447030,2368570,3815600,275848955,10.25%
128,1459390,2356210,3815600,274389564,10.25%
129,1471856,2343744,3815600,272917709,10.25%
130,1484428,2331172,3815600,271433281,10.25%
131,1497107,2318493,3815600,269936173,10.25%
132,1509895,2305705,3815600,268426278,10.25%
133,1522792,2292808,3815600,266903486,10.25%
134,1535799,2279801,3815600,265367687,10.25%
135,1548918,2266682,3815600,263818769,10.25%
136,1562148,2253452,3815600,262256621,10.25%
137,1575491,2240109,3815600,260681129,10.25%
138,1588949,2226651,3815600,259092181,10.25%
139,1602521,2213079,3815600,257489660,10.25%
140,1616209,2199391,3815600,255873451,10.25%
141,1630014,2185586,3815600,254243436,10.25%
142,1643937,2171663,3815600,252599499,10.25%
143,1657979,2157621,3815600,250941520,10.25%
144,1672141,2143459,3815600,249269379,10.25%
145,1686424,2129176,3815600,247582955,10.25%
146,1700829,2114771,3815600,245882126,10.25%
147,1715357,2100243,3815600,244166769,10.25%
148,1730009,2085591,3815600,242436760,10.25%
149,1744786,2070814,3815600,240691974,10.25%
150,1759689,2055911,3815600,238932285,10.25%
151,1774720,2040880,3815600,237157564,10.25%
152,1789879,2025721,3815600,235367685,10.25%
153,1805168,2010432,3815600,233562518,10.25%
154,1820587,1995013,3815600,231741931,10.25%
155,1836138,1979462,3815600,229905793,10.25%
156,1851821,1963779,3815600,228053972,10.25%
157,1867639,1947961,3815600,226186333,10.25%
158,1883592,1932008,3815600,224302741,10.25%
159,1899681,1915919,3815600,222403060,10.25%
160,1915907,1899693,3815600,220487153,10.25%
161,1932272,1883328,3815600,218554881,10.25%
162,1948777,1866823,3815600,216606104,10.25%
163,1965423,1850177,3815600,214640681,10.25%
164,1982211,1833389,3815600,212658470,10.25%
165,1999142,1816458,3815600,210659328,10.25%
166,2016218,1799382,3815600,208643110,10.25%
167,2033440,1782160,3815600,206609670,10.25%
168,2050809,1764791,3815600,204558860,10.25%
169,2068326,1747274,3815600,202490534,10.25%
170,2085993,1729607,3815600,200404541,10.25%
171,2103811,1711789,3815600,198300730,10.25%
172,2121781,1693819,3815600,196178948,10.25%
173,2139905,1675695,3815600,194039043,10.25%
174,2158183,1657417,3815600,191880860,10.25%
175,2176618,1638982,3815600,189704243,10.25%
176,2195210,1620390,3815600,187509033,10.25%
177,2213960,1601640,3815600,185295073,10.25%
178,2232871,1582729,3815600,183062201,10.25%
179,2251944,1563656,3815600,180810258,10.25%
180,2271179,1544421,3815600,178539079,10.25%
181,2290579,1525021,3815600,176248500,10.25%
182,2310144,1505456,3815600,173938356,10.25%
183,2329877,1485723,3815600,171608479,10.25%
184,2349778,1465822,3815600,169258702,10.25%
185,2369849,1445751,3815600,166888853,10.25%
186,2390091,1425509,3815600,164498762,10.25%
187,2410506,1405094,3815600,162088256,10.25%
188,2431096,1384504,3815600,159657160,10.25%
189,2451862,1363738,3815600,157205298,10.25%
190,2472805,1342795,3815600,154732493,10.25%
191,2493927,1321673,3815600,152238566,10.25%
192,2515229,1300371,3815600,149723338,10.25%
193,2536713,1278887,3815600,147186624,10.25%
194,2558381,1257219,3815600,144628243,10.25%
195,2580234,1235366,3815600,142048010,10.25%
196,2602273,1213327,3815600,139445736,10.25%
197,2624501,1191099,3815600,136821235,10.25%
198,2646919,1168681,3815600,134174317,10.25%
199,2669528,1146072,3815600,131504789,10.25%
200,2692330,1123270,3815600,128812459,10.25%
201,2715327,1100273,3815600,126097132,10.25%
202,2738520,1077080,3815600,123358612,10.25%
203,2761912,1053688,3815600,120596700,10.25%
204,2785503,1030097,3815600,117811197,10.25%
205,2809296,1006304,3815600,115001901,10.25%
206,2833292,982308,3815600,112168609,10.25%
207,2857493,958107,3815600,109311116,10.25%
208,2881901,933699,3815600,106429215,10.25%
209,2906517,909083,3815600,103522698,10.25%
210,2931344,884256,3815600,100591354,10.25%
211,2956382,859218,3815600,97634972,10.25%
212,2981635,833965,3815600,94653337,10.25%
213,3007103,808497,3815600,91646235,10.25%
214,3032788,782812,3815600,88613446,10.25%
215,3058693,756907,3815600,85554753,10.25%
216,3084820,730780,3815600,82469933,10.25%
217,3111169,704431,3815600,79358763,10.25%
218,3137744,677856,3815600,76221020,10.25%
219,3164545,651055,3815600,73056474,10.25%
220,3191576,624024,3815600,69864898,10.25%
221,3218837,596763,3815600,66646061,10.25%
222,3246332,569268,3815600,63399729,10.25%
223,3274061,541539,3815600,60125669,10.25%
224,3302027,513573,3815600,56823642,10.25%
225,3330231,485369,3815600,53493411,10.25%
226,3358677,456923,3815600,50134734,10.25%
227,3387366,428234,3815600,46747368,10.25%
228,3416300,399300,3815600,43331068,10.25%
229,3445480,370120,3815600,39885588,10.25%
230,3474911,340689,3815600,36410677,10.25%
231,3504592,311008,3815600,32906085,10.25%
232,3534527,281073,3815600,29371558,10.25%
233,3564718,250882,3815600,25806840,10.25%
234,3595167,220433,3815600,22211673,10.25%
235,3625875,189725,3815600,18585798,10.25%
236,3656846,158754,3815600,14928952,10.25%
237,3688082,127518,3815600,11240870,10.25%
238,3719584,96016,3815600,7521286,10.25%
239,3751356,64244,3815600,3769930,10.25%
240,3769930,32201,3802131,0,10.25%
